Id,Label
F. Salvi,F. Salvi
P. Magoni,P. Magoni
R. Facchinetti,R. Facchinetti
F. Rondanini,F. Rondanini
E. Mineo,E. Mineo
C. Maccaro,C. Maccaro
A. Canini,A. Canini
G. Zagni,G. Zagni
O. Prudente,O. Prudente
F. Gabbani,F. Gabbani
J. Fontana,J. Fontana
F. Riccardi,F. Riccardi
S. Sichel,S. Sichel
C. Chiodo,C. Chiodo
F. Zanotti,F. Zanotti
M. Di Paolo,M. Di Paolo
R. Buti,R. Buti
D. Fainello,D. Fainello
Depsa,Depsa
R. Distefano,R. Distefano
Luca Barbarossa,Luca Barbarossa
G. Nenna,G. Nenna
M. Schembri,M. Schembri
P. Frescura,P. Frescura
E. Pietrelli,E. Pietrelli
D. Baldan Bembo,D. Baldan Bembo
G. Russo,G. Russo
M. Musumeci,M. Musumeci
R. Scalabrino,R. Scalabrino
I. Spagna,I. Spagna
A. Fresa,A. Fresa
A. Sopranzi,A. Sopranzi
F. Facchinetti,F. Facchinetti
R. Cellamare,R. Cellamare
C. Ferrari,C. Ferrari
Petaluma,Petaluma
A. Testa,A. Testa
M. Remigi,M. Remigi
G. Spagna,G. Spagna
C. Carrara,C. Carrara
S. Picchi,S. Picchi
I. Porceddu,I. Porceddu
A. Merli,A. Merli
M. Vergnaghi,M. Vergnaghi
Cheope,Cheope
Giuliano Sangiorgi,Giuliano Sangiorgi
T. Renis,T. Renis
P. Romitelli,P. Romitelli
I. Fornaciari,I. Fornaciari
C. Facchinetti,C. Facchinetti
T. Sinatra,T. Sinatra
G. Marcucci,G. Marcucci
P. Turci,P. Turci
L. Marielli,L. Marielli
P. Conte,P. Conte
C. Valli,C. Valli
G. Amendola,G. Amendola
M. De Iaco,M. De Iaco
R. Bolognesi,R. Bolognesi
Lubiak,Lubiak
M. Rinalduzzi,M. Rinalduzzi
L. Gambetti,L. Gambetti
G. Paoli,G. Paoli
E. Fusco,E. Fusco
G. Argenio,G. Argenio
C. Concina,C. Concina
A. Balestrieri,A. Balestrieri
E. Parazzini,E. Parazzini
F. Michielin,F. Michielin
D. Massa,D. Massa
F. Piccarreda,F. Piccarreda
F. Minoia,F. Minoia
C. Galbignani,C. Galbignani
G. Cionfoli,G. Cionfoli
M. Di Francia,M. Di Francia
R. Pagliarulo,R. Pagliarulo
E. Bassi,E. Bassi
A. Bavo,A. Bavo
C. Iezzi,C. Iezzi
R. Amadè,R. Amadè
Enrico Nigiotti,Enrico Nigiotti
R. Lanzo,R. Lanzo
R. Rubino,R. Rubino
F. Califano,F. Califano
V. Negrini,V. Negrini
S. Dall'Ora,S. Dall'Ora
P. Rossi,P. Rossi
G. Pollex,G. Pollex
E. Paselli,E. Paselli
M. Vicino,M. Vicino
U. Smaila,U. Smaila
F. S. Mangieri,F. S. Mangieri
M. Paulicelli,M. Paulicelli
A. Maggio,A. Maggio
M. Pilato,M. Pilato
S. Boffa,S. Boffa
R. Power,R. Power
D. De Santis,D. De Santis
M. Di Franco,M. Di Franco
F. De Benedittis,F. De Benedittis
M. Monti,M. Monti
F. Boccassini,F. Boccassini
R. Frenneaux,R. Frenneaux
G. Todrani,G. Todrani
M. De Martino,M. De Martino
D.L. Pieretti,D.L. Pieretti
P. Iezzi,P. Iezzi
E. Meta,E. Meta
S. Basile,S. Basile
M. Pezzali,M. Pezzali
V. Tariciotti,V. Tariciotti
M. E. Giovanardi,M. E. Giovanardi
R. Murolo,R. Murolo
M. Luca,M. Luca
M. Perrone,M. Perrone
G. Fasano,G. Fasano
M. Luberti,M. Luberti
G. Guarnieri,G. Guarnieri
M. Marati,M. Marati
M. Guarniero,M. Guarniero
N. Fabi,N. Fabi
E. Ghinazzi,E. Ghinazzi
G. Pegoraro,G. Pegoraro
V. Thoma,V. Thoma
G. Ferreri,G. Ferreri
G. Pellino,G. Pellino
Raphael Gualazzi,Raphael Gualazzi
L. Panico,L. Panico
D. Dattoli,D. Dattoli
M. Goldsand,M. Goldsand
D. Milani,D. Milani
F. Silvestre,F. Silvestre
G. Di Tonno,G. Di Tonno
A. Bettini,A. Bettini
R. Ferri,R. Ferri
L. Bechelli,L. Bechelli
M. Venturiello,M. Venturiello
G. Pieretti,G. Pieretti
S. Grieco,S. Grieco
J. Monasta,J. Monasta
Comas,Comas
A. Febo,A. Febo
Querencio,Querencio
R. Musumarra,R. Musumarra
P. Bertoli,P. Bertoli
R. Di Benedetto,R. Di Benedetto
C. Daiano,C. Daiano
V. Magelli,V. Magelli
D. De Vitis,D. De Vitis
F. Sciacca,F. Sciacca
F. Neviani,F. Neviani
F. Ricci,F. Ricci
S. Salemi,S. Salemi
G. Mattei,G. Mattei
P. Pintucci,P. Pintucci
M. Pecora,M. Pecora
L. Fainello,L. Fainello
M. Ciappelli,M. Ciappelli
F. Godi,F. Godi
M. Capuano,M. Capuano
R. Sinigallia,R. Sinigallia
B. Bergonzi,B. Bergonzi
C. De Andrè,C. De Andrè
S. Dionigi,S. Dionigi
Jovanotti,Jovanotti
F. Maresca,F. Maresca
P. Marino,P. Marino
I. Grandi,I. Grandi
V. D'Acquisto,V. D'Acquisto
F. Paulin,F. Paulin
C. Guidetti,C. Guidetti
E. Gragnaniello,E. Gragnaniello
C. A. Rossi,C. A. Rossi
Sebastiani,Sebastiani
Fedez,Fedez
G. Intra,G. Intra
M. Guazzone,M. Guazzone
M. Monticelli,M. Monticelli
R. Esposito,R. Esposito
P. Finà,P. Finà
P. Vivarelli,P. Vivarelli
M. Mastrangeli,M. Mastrangeli
A. Tatangelo,A. Tatangelo
G. Togni,G. Togni
G. D'Anzi,G. D'Anzi
D. Modugno,D. Modugno
M. Marini,M. Marini
A. Baracco,A. Baracco
M. Zarrillo,M. Zarrillo
D. Stefani,D. Stefani
D. Gambi,D. Gambi
G. Orlandi,G. Orlandi
F. Migliacci,F. Migliacci
A. Piccareta,A. Piccareta
V. Pallavicini,V. Pallavicini
G. Bigazzi,G. Bigazzi
F. Di Gesù,F. Di Gesù
B. Pallini,B. Pallini
Laurex,Laurex
R. Eleuteri,R. Eleuteri
E. Sciorilli,E. Sciorilli
C. Ori,C. Ori
Danpa,Danpa
K. Ammar,K. Ammar
E. Fecchi,E. Fecchi
S. Simoni,S. Simoni
Malise,Malise
R. Pacco,R. Pacco
S. Seracini,S. Seracini
F. Clemente,F. Clemente
G. Mangiaracina,G. Mangiaracina
A. Aquilani,A. Aquilani
D. Ceruti,D. Ceruti
P. Pallottino,P. Pallottino
M. Tronco e G. Servillo,M. Tronco e G. Servillo
Zibba,Zibba
A. Zuppini,A. Zuppini
L. Chiaravalli,L. Chiaravalli
M. Bizzarri,M. Bizzarri
M. Marrocchi,M. Marrocchi
C. Rego,C. Rego
M. Cantini,M. Cantini
L. Albertelli,L. Albertelli
B. Zambrini,B. Zambrini
N. de Luca,N. de Luca
A. Salerno,A. Salerno
R. Angiolini,R. Angiolini
V. Venturi,V. Venturi
P. Pinna,P. Pinna
C. Bissi,C. Bissi
A. Santonocito,A. Santonocito
F. Poli,F. Poli
M. Saggese,M. Saggese
C. A. Bixio,C. A. Bixio
S. Mazzocco,S. Mazzocco
D. Sacco,D. Sacco
A. Genovese,A. Genovese
S. D'Orazio,S. D'Orazio
P. Gagliardi,P. Gagliardi
R. Di Lorenzo,R. Di Lorenzo
S. Ortone,S. Ortone
C. Lo Mele,C. Lo Mele
A. Cazzola,A. Cazzola
E. Aldrighetti,E. Aldrighetti
G. Padovan,G. Padovan
P. Frassi,P. Frassi
L. Piscopo,L. Piscopo
S. Mineo,S. Mineo
G. Andreetto,G. Andreetto
R. Satti,R. Satti
E. Isola,E. Isola
F. Fanigliulo,F. Fanigliulo
F. Draicchio,F. Draicchio
D. Calvetti,D. Calvetti
Giuseppe Povia,Giuseppe Povia
D. Mancino,D. Mancino
G. Baldazzi,G. Baldazzi
A. Istroni,A. Istroni
B. Gilbo,B. Gilbo
S. Iodice,S. Iodice
P. Vallesi,P. Vallesi
S. Fabiani,S. Fabiani
L. Patruno,L. Patruno
G. Redi,G. Redi
R. Serio,R. Serio
M. Marcolini,M. Marcolini
E. Giudizi,E. Giudizi
M. Lusini,M. Lusini
C. Tortora,C. Tortora
D. Amerio,D. Amerio
Kynsha,Kynsha
D. Pao ed E. Ciarallo,D. Pao ed E. Ciarallo
R. Cocciante,R. Cocciante
A. Valleroni,A. Valleroni
P. Donaggio,P. Donaggio
S. Melloni,S. Melloni
R. Mascellino,R. Mascellino
C. Pes,C. Pes
R. Pradella,R. Pradella
S. Mantegazza,S. Mantegazza
M. Di Cataldo,M. Di Cataldo
A. Paoletti,A. Paoletti
N. La Mantia,N. La Mantia
G. Nuti,G. Nuti
R. Gigli,R. Gigli
Sentacruz,Sentacruz
G. P. Reverberi,G. P. Reverberi
F. Boccia,F. Boccia
Rolla,Rolla
G. B. Martelli,G. B. Martelli
J. Dorelli,J. Dorelli
M. Romagnoli,M. Romagnoli
E. Capotosti,E. Capotosti
L. Greco,L. Greco
D. Pinelli,D. Pinelli
S. Boswell,S. Boswell
Charlie Charles,Charlie Charles
F. Bergamini,F. Bergamini
V. Mercurio,V. Mercurio
R. Gualazzi,R. Gualazzi
M. Ayane,M. Ayane
M. Castelnuovo,M. Castelnuovo
B. Lauzi,B. Lauzi
L. Sala,L. Sala
Gippi,Gippi
C. Malgioglio,C. Malgioglio
D. Farina,D. Farina
B. Cherubini,B. Cherubini
C. Donida,C. Donida
G. Chiocchio,G. Chiocchio
A. Galbiati,A. Galbiati
M. Filardo,M. Filardo
G. Viezzoli,G. Viezzoli
C. Esposito,C. Esposito
A. Cheli,A. Cheli
M. De Angelis,M. De Angelis
S. Cammariere,S. Cammariere
S. Mattoccia,S. Mattoccia
L. Barbarossa,L. Barbarossa
M. Zappatini,M. Zappatini
A. Mango,A. Mango
F. Coppini,F. Coppini
F. Cogliati,F. Cogliati
M. Cozzoli,M. Cozzoli
S. Rocchetti,S. Rocchetti
M. Saracino,M. Saracino
E. Roberto,E. Roberto
A. Di Martino,A. Di Martino
J. Camisasca,J. Camisasca
A. Martelli,A. Martelli
Y. Carrisi,Y. Carrisi
N. Casiroli,N. Casiroli
R. Salani,R. Salani
G. Restelli,G. Restelli
I. Fossati,I. Fossati
C. Farolfi,C. Farolfi
E. B. Valdes,E. B. Valdes
T. Savio,T. Savio
R. Maffoni,R. Maffoni
F. Ciccotti,F. Ciccotti
F. Vaccari,F. Vaccari
V. Capasso,V. Capasso
Mahmood,Mahmood
A. Prestieri,A. Prestieri
D. Olivieri,D. Olivieri
C. Ruggiero,C. Ruggiero
F. Cianciola,F. Cianciola
P. Calvi,P. Calvi
E. Falcocchio,E. Falcocchio
E. Vianello,E. Vianello
U. Balsamo,U. Balsamo
N. Brunialti,N. Brunialti
F. Moro,F. Moro
F. Evangelisti,F. Evangelisti
A. Nicorelli,A. Nicorelli
P. Brera,P. Brera
M. Malavasi,M. Malavasi
R. Onori,R. Onori
F. Bianconi,F. Bianconi
L. Cersosimo,L. Cersosimo
M. Calabrese,M. Calabrese
V. Tosetto,V. Tosetto
G. Mauro,G. Mauro
Elisa Toffoli,Elisa Toffoli
I. Ianne,I. Ianne
Calibi,Calibi
D. Silvestri,D. Silvestri
S. Conforti,S. Conforti
S. Profeta,S. Profeta
Telonio,Telonio
A. Ruggiero,A. Ruggiero
M. Colucci,M. Colucci
Zacar,Zacar
C. Conti,C. Conti
L. Urbani,L. Urbani
F. Zampaglione,F. Zampaglione
G. D'Argenzio,G. D'Argenzio
P. Carone,P. Carone
A. Raina,A. Raina
Niccolò Moriconi,Niccolò Moriconi
L. Rana,L. Rana
L. Capello,L. Capello
V. Catanzaro,V. Catanzaro
F. Ilacqua,F. Ilacqua
G. Fassino,G. Fassino
Carrel,Carrel
B. Moglia,B. Moglia
M. Nava,M. Nava
C. Gori,C. Gori
Paolo Carta,Paolo Carta
M. Vicari,M. Vicari
M. Munzi,M. Munzi
A. Ventura,A. Ventura
G. Simonelli,G. Simonelli
S. Costantini,S. Costantini
F. Arnò,F. Arnò
G. Cassia,G. Cassia
A. Di Zio,A. Di Zio
Nathalie Giannitrapani,Nathalie Giannitrapani
S. Nasuti,S. Nasuti
M. Del Freo,M. Del Freo
G. Ciarella,G. Ciarella
M. Natale,M. Natale
S. Bardotti,S. Bardotti
M. Maffucci,M. Maffucci
G. Fiorelli,G. Fiorelli
G. Casieri,G. Casieri
A. Zurawski,A. Zurawski
A. Celentano,A. Celentano
G. Trovato,G. Trovato
S. Moschetto,S. Moschetto
R. Gianco,R. Gianco
A. Minghi,A. Minghi
S. Cossu,S. Cossu
T. Maiello,T. Maiello
R. Tini,R. Tini
S. Borgia,S. Borgia
R. Kunstler,R. Kunstler
G. Fazio,G. Fazio
C. De André,C. De André
M. G. Gili,M. G. Gili
D. Sinigallia,D. Sinigallia
G. Romanelli,G. Romanelli
Cashin,Cashin
Francesco Silvestre,Francesco Silvestre
M. Masini,M. Masini
D. Rettore,D. Rettore
E. Marrone,E. Marrone
R. Rascel,R. Rascel
R. Cozzoli,R. Cozzoli
L. Fulci,L. Fulci
L. Quarantotto,L. Quarantotto
W. Bassani,W. Bassani
M. Adami,M. Adami
W. Malgoni,W. Malgoni
M. Reitano,M. Reitano
F. Ventura,F. Ventura
C. Cofani,C. Cofani
S. Borzi,S. Borzi
Achille Lauro,Achille Lauro
G. Dati,G. Dati
L. D'Alessio,L. D'Alessio
T. Iurcich,T. Iurcich
F. Carraresi,F. Carraresi
G. Novi,G. Novi
C. Patti,C. Patti
L. Pilat,L. Pilat
C. Cecchetto,C. Cecchetto
L. Marino,L. Marino
S. Cutugno,S. Cutugno
G. Rampazzo,G. Rampazzo
F. Muggeo,F. Muggeo
Francesco Sarcina,Francesco Sarcina
Schiava,Schiava
M. Ruccione,M. Ruccione
F. Morettini,F. Morettini
C. Minellono,C. Minellono
M. Manzani,M. Manzani
M. Alemanno,M. Alemanno
F. Renga,F. Renga
M. Fabrizio,M. Fabrizio
B. Pallesi,B. Pallesi
Duchesca,Duchesca
L. Valente,L. Valente
A. Mahmoud,A. Mahmoud
R. Casini,R. Casini
L. Bonometti,L. Bonometti
A. Ravasio,A. Ravasio
G. Fabor,G. Fabor
D. Benedetti,D. Benedetti
F. Berlincioni,F. Berlincioni
Mirkoeilcane,Mirkoeilcane
Bungaro,Bungaro
C. Mattone,C. Mattone
G. D'Angelo,G. D'Angelo
D. Persoglio,D. Persoglio
A. Civai,A. Civai
Giuseppe Anastasi,Giuseppe Anastasi
G. Godi,G. Godi
S. Jurgens,S. Jurgens
A. Casaburi,A. Casaburi
P. Mammaro,P. Mammaro
U. Napolitano,U. Napolitano
G. Faiella,G. Faiella
Pinchi,Pinchi
U. Tozzi,U. Tozzi
V. Spampinato,V. Spampinato
N. Oliviero,N. Oliviero
G. Calabrese,G. Calabrese
R. Mogliotti,R. Mogliotti
F. Morgia,F. Morgia
A. Zitelli,A. Zitelli
M. Battistini,M. Battistini
O. Rubino,O. Rubino
G. Caliendo,G. Caliendo
R. Costa,R. Costa
M. Varini,M. Varini
P. Renga,P. Renga
P. Montanari,P. Montanari
C. Dazzi,C. Dazzi
Zibio,Zibio
Alexia,Alexia
T. De Gasperi,T. De Gasperi
G. Capuano,G. Capuano
M. Mudimbi,M. Mudimbi
L. Visentin,L. Visentin
A. Leone,A. Leone
L. Sepe,L. Sepe
P. Daniele,P. Daniele
F. Palmieri,F. Palmieri
Deani,Deani
G. Belleno,G. Belleno
A. Fornaciari,A. Fornaciari
L. Lopez,L. Lopez
Falco,Falco
F. Serafini,F. Serafini
S. Maiuolo,S. Maiuolo
R. Livraghi,R. Livraghi
G. Morra,G. Morra
L. Carboni,L. Carboni
R. Arbore,R. Arbore
M. Bassi,M. Bassi
R. Zappalorto,R. Zappalorto
A. Lusini,A. Lusini
G. Fiorellino,G. Fiorellino
M. Del Forno,M. Del Forno
L. Nigro,L. Nigro
F. Monti Arduini,F. Monti Arduini
C. Cattini,C. Cattini
M. Scommegna,M. Scommegna
M. C. Lacamera,M. C. Lacamera
C. Ailin,C. Ailin
E. Caterini,E. Caterini
A. Cogliati,A. Cogliati
G. Faletti,G. Faletti
A. Sandri,A. Sandri
Tosca,Tosca
N. Piras,N. Piras
Carlotta,Carlotta
S. Cristicchi,S. Cristicchi
A. Parente,A. Parente
P. Meneguzzo,P. Meneguzzo
G. Pio,G. Pio
M. Conidi,M. Conidi
Donida,Donida
A. Napoletano,A. Napoletano
M. Pasini,M. Pasini
G. Cichellero,G. Cichellero
G. Colonnello,G. Colonnello
L. Santoro,L. Santoro
Roberto Colombo,Roberto Colombo
F. Mesolella,F. Mesolella
Zenonazza,Zenonazza
Miani,Miani
A. Caioli,A. Caioli
G. Puzzo,G. Puzzo
C. Cavallaro,C. Cavallaro
M. Tansini,M. Tansini
Mogol,Mogol
G. Anelli,G. Anelli
G. Westley,G. Westley
G. Bella,G. Bella
A. Papetti,A. Papetti
A. Annona,A. Annona
R. Gaetano,R. Gaetano
P. Mendes,P. Mendes
O. Angiuli,O. Angiuli
M. Fiorilla,M. Fiorilla
F. Camba,F. Camba
R. Giglio,R. Giglio
D. Mungai,D. Mungai
S. Galante,S. Galante
L. Mattioni,L. Mattioni
M. Conti,M. Conti
R. Carosone,R. Carosone
Povia,Povia
S. Grandi,S. Grandi
Davide Bernasconi,Davide Bernasconi
E. Miceli,E. Miceli
R. Vecchioni,R. Vecchioni
A. Anastasio,A. Anastasio
A. Drusian,A. Drusian
A. Britti,A. Britti
E. Minoretti,E. Minoretti
V. Stein,V. Stein
G. Mescoli,G. Mescoli
A. Carrisi,A. Carrisi
D. Fossati,D. Fossati
L. Fiori,L. Fiori
F. Battiato,F. Battiato
P. Massara,P. Massara
R. Pareti,R. Pareti
D. Baima Besquet,D. Baima Besquet
M. Morante,M. Morante
E. Fratini,E. Fratini
M. Z. Granieri,M. Z. Granieri
M. Gabbianelli,M. Gabbianelli
M. Lavezzi,M. Lavezzi
S. M. Sorrentino,S. M. Sorrentino
D. Dezi,D. Dezi
C. Di Domenico,C. Di Domenico
L. Battisti,L. Battisti
V. Tempera,V. Tempera
T. Montelpare,T. Montelpare
Lattuada,Lattuada
E. Di Lazzaro,E. Di Lazzaro
M. De Paolis,M. De Paolis
A. Diodato,A. Diodato
F. De André,F. De André
A. Branca,A. Branca
G. P. Felisatti,G. P. Felisatti
D. Combusti,D. Combusti
F. Guasti,F. Guasti
E. Filiberto ed E. Ghinazzi,E. Filiberto ed E. Ghinazzi
M. Mariotti,M. Mariotti
E. Bonagura,E. Bonagura
P. Muscolino,P. Muscolino
D. Coro,D. Coro
E. Riccardi,E. Riccardi
M. Festuccia,M. Festuccia
E. Bennato,E. Bennato
C. Dammicco,C. Dammicco
P. Laquidara,P. Laquidara
L. Beccafichi,L. Beccafichi
F. Abbate,F. Abbate
M. Signorini,M. Signorini
W. Colì,W. Colì
G. Reitano,G. Reitano
E. Mangia,E. Mangia
D. Bosio,D. Bosio
P. P. Peroni,P. P. Peroni
F. Caprara,F. Caprara
S. Testi,S. Testi
S. Piro,S. Piro
F. Fiumara,F. Fiumara
M. Curallo,M. Curallo
D. Calcagno,D. Calcagno
G. C. Testoni,G. C. Testoni
M. Rei,M. Rei
S. Benussi,S. Benussi
B. Antonacci,B. Antonacci
M. Patrignani,M. Patrignani
E. Marcelli,E. Marcelli
M. Paoluzzi,M. Paoluzzi
A. Fontana,A. Fontana
Filibello,Filibello
L. Pellegrino,L. Pellegrino
L. Bruti,L. Bruti
G. Anastasi,G. Anastasi
E. Ruggeri,E. Ruggeri
R. Di Bella,R. Di Bella
D. Melotti,D. Melotti
Ultimo,Ultimo
U. Bertini,U. Bertini
Lucia Mannucci,Lucia Mannucci
D. Civaschi,D. Civaschi
C. Consoli,C. Consoli
A. Bergamaschi,A. Bergamaschi
J. M. Maiello Ferry,J. M. Maiello Ferry
P. Martella,P. Martella
G. D'Amora,G. D'Amora
G. Nannini,G. Nannini
A. Mari,A. Mari
V. Chiaravalle,V. Chiaravalle
L. Bacalov,L. Bacalov
E. Munda,E. Munda
F. Arrigoni,F. Arrigoni
F. Ciani,F. Ciani
Biri,Biri
F. Palazzolo,F. Palazzolo
S. Cenci,S. Cenci
G. Castellani,G. Castellani
Sergepy,Sergepy
V. Panzuti,V. Panzuti
A. Volpe,A. Volpe
A. Nanni,A. Nanni
Boss Doms,Boss Doms
Albula,Albula
M. Zanfagna,M. Zanfagna
G. Wright,G. Wright
P. Calabrese,P. Calabrese
U. Fusco,U. Fusco
C. Lessona,C. Lessona
S. Monetti,S. Monetti
E. Sognato,E. Sognato
G. D'Alessio,G. D'Alessio
O. Angelillo,O. Angelillo
M. Pagani,M. Pagani
R. Casalino,R. Casalino
G. Caccamo,G. Caccamo
Daniele Silvestri,Daniele Silvestri
Cavaros,Cavaros
M. Del Prete,M. Del Prete
F. Rendine,F. Rendine
G. Guglielminetti,G. Guglielminetti
N. Salerno,N. Salerno
R. Pazzaglia,R. Pazzaglia
R. Zero,R. Zero
E. La Valle,E. La Valle
A. Pugliese,A. Pugliese
R. Angelini,R. Angelini
M. Riva,M. Riva
M. Repetto,M. Repetto
L. Gelmini,L. Gelmini
P. Meneguzzi,P. Meneguzzi
G. Anania,G. Anania
L. Barazzetti,L. Barazzetti
G. Fanciulli,G. Fanciulli
G. Compare,G. Compare
D. Simonetta,D. Simonetta
G. Morandi,G. Morandi
A. Rodini,A. Rodini
S. Amato,S. Amato
M. Armenise,M. Armenise
O. Avogadro,O. Avogadro
R. Pippa,R. Pippa
G. Marchetti,G. Marchetti
U. Iervolino,U. Iervolino
D. Bernazza,D. Bernazza
L. Angelosanti,L. Angelosanti
V. Rossi,V. Rossi
A. Blescia,A. Blescia
E. Carella,E. Carella
M. Negri,M. Negri
P. Soffici,P. Soffici
L. Cherubini,L. Cherubini
T. Cerasuolo,T. Cerasuolo
M. Vecchi,M. Vecchi
A. Bonomo,A. Bonomo
S. Endrigo,S. Endrigo
V. Incenzo,V. Incenzo
A. Mirò,A. Mirò
P. Armenise,P. Armenise
R. Zaneli,R. Zaneli
A. Carnevali,A. Carnevali
L. Valori,L. Valori
L. Baglioni,L. Baglioni
R. Lo Mele,R. Lo Mele
M. G. Nava,M. G. Nava
G. Giancursi,G. Giancursi
U. Bindi,U. Bindi
P. A. Cassella,P. A. Cassella
P. Rolla,P. Rolla
G. Giorgilli,G. Giorgilli
G. Povia,G. Povia
I. Callegari,I. Callegari
B. D'Onghia,B. D'Onghia
L. Carmi,L. Carmi
G. De Stefani,G. De Stefani
P. Limiti,P. Limiti
L. L. Martelli,L. L. Martelli
B. Rifo,B. Rifo
S. Sylvestre,S. Sylvestre
Irama,Irama
E. Suligoj,E. Suligoj
R. Borghetti,R. Borghetti
A. Rizzo,A. Rizzo
M. Telli,M. Telli
P. Panella,P. Panella
L. Schiavone,L. Schiavone
La Valle,La Valle
B. Zucchetti,B. Zucchetti
A. Iammarino,A. Iammarino
D. Miglietta,D. Miglietta
E. Sbriccoli,E. Sbriccoli
N. Zilli,N. Zilli
M. Porru,M. Porru
Dinaro,Dinaro
D. Ciaramella,D. Ciaramella
E. Croce,E. Croce
S. Bertolotti,S. Bertolotti
V. Ripa,V. Ripa
L. Carnacina,L. Carnacina
F. Fugazza,F. Fugazza
Nek,Nek
P. Palma,P. Palma
M. A. Sisini,M. A. Sisini
M. Mengoni,M. Mengoni
M. Martellini,M. Martellini
D. Backy,D. Backy
M. Venuti,M. Venuti
S. Di Nardo,S. Di Nardo
F. Gargiulo,F. Gargiulo
R. Colombo,R. Colombo
L. Citi,L. Citi
E. Sinni,E. Sinni
D. L. Civaschi,D. L. Civaschi
M. Gazzè,M. Gazzè
A. Valsiglio,A. Valsiglio
G. Ortenzi,G. Ortenzi
A. Debernardi,A. Debernardi
M. Panzeri,M. Panzeri
D. Valentini,D. Valentini
G. Artegiani,G. Artegiani
D. Faini,D. Faini
L. Gonzalez Alea,L. Gonzalez Alea
L. Guenzi,L. Guenzi
M. Casadei,M. Casadei
P. Cassano,P. Cassano
E. Diana,E. Diana
L. Fragola,L. Fragola
A. Fragna,A. Fragna
A. De Carmine,A. De Carmine
P. P. Preti,P. P. Preti
V. B. Scanu,V. B. Scanu
G. Golzi,G. Golzi
R. Canale,R. Canale
R. Ruocco,R. Ruocco
G. Marotta,G. Marotta
L. Silvi,L. Silvi
Pellecalamaio,Pellecalamaio
F. Tanini,F. Tanini
P. Barabani,P. Barabani
A. Flora,A. Flora
Kaballà,Kaballà
T. Palamara,T. Palamara
M. Logan,M. Logan
S. Bersani,S. Bersani
F. C. Casellati,F. C. Casellati
N. Fasani,N. Fasani
C. De Bei,C. De Bei
G. Pulli,G. Pulli
B. Laurenti,B. Laurenti
I. Calcagno,I. Calcagno
G. Lucariello,G. Lucariello
M. Pagano,M. Pagano
N. Ravasini,N. Ravasini
A. Vian,A. Vian
F. Leali,F. Leali
F. Specchia,F. Specchia
Leozed,Leozed
A. Zuccaro,A. Zuccaro
M. Morandi,M. Morandi
Don Backy,Don Backy
G. Sangiorgi,G. Sangiorgi
E. Ramazzotti,E. Ramazzotti
F. Mobrici,F. Mobrici
Zucchero Fornaciari,Zucchero Fornaciari
D. Calvio,D. Calvio
F. Ricciardi,F. Ricciardi
P. Servillo,P. Servillo
P. Bentivoglio,P. Bentivoglio
V. Centrone,V. Centrone
E. Mou,E. Mou
G. F. Reverberi,G. F. Reverberi
S. Belisari,S. Belisari
Dolcenera,Dolcenera
R. Cini,R. Cini
M. Agnelli,M. Agnelli
P. Jannacci,P. Jannacci
A. Manfredi,A. Manfredi
C. Gigli,C. Gigli
F. Fasano,F. Fasano
F. Cavalli,F. Cavalli
P. Cremonesi,P. Cremonesi
G. Finizio,G. Finizio
Assolo,Assolo
E. Palumbo,E. Palumbo
D. Petrella,D. Petrella
G. Arena,G. Arena
E. Zapparoli,E. Zapparoli
C. Marrale,C. Marrale
A. Guidetti,A. Guidetti
S. Romano,S. Romano
A. Stellita,A. Stellita
F. Spinetti,F. Spinetti
A. Bella,A. Bella
A. Piga,A. Piga
G. Grignani,G. Grignani
D. Masini,D. Masini
L. Raggi,L. Raggi
R. Siani,R. Siani
G. Guarneri,G. Guarneri
C. Noto,C. Noto
M. Calò,M. Calò
Dardust,Dardust
Da Rovere,Da Rovere
M. Baglioni,M. Baglioni
M. Spina,M. Spina
M. De Peppe,M. De Peppe
C. Sebastianelli,C. Sebastianelli
A. Filippelli,A. Filippelli
M. Minoia,M. Minoia
A. Costanzo,A. Costanzo
C. Rigano,C. Rigano
G. Carletti,G. Carletti
K. Scherer,K. Scherer
M. Spenillo,M. Spenillo
L. Vizzini,L. Vizzini
L. G. Arbore,L. G. Arbore
D. Groff,D. Groff
G. Galgani,G. Galgani
M. Balducci,M. Balducci
A. Ambrosino,A. Ambrosino
D. Di Graci,D. Di Graci
G. Fulcheri,G. Fulcheri
C. Allia,C. Allia
G. Isgrò,G. Isgrò
E. Toffoli,E. Toffoli
A. Caponi,A. Caponi
G. Mango,G. Mango
R. Cardelli,R. Cardelli
A. Giordano,A. Giordano
E. Jannacci,E. Jannacci
F. Gazzè,F. Gazzè
R. Fiacchini,R. Fiacchini
C. A. Liman,C. A. Liman
A. De Sanctis,A. De Sanctis
R. Riefoli,R. Riefoli
G. Curreri,G. Curreri
M. D'Angelo,M. D'Angelo
G. Kramer,G. Kramer
F. Concato,F. Concato
Luca Madonia,Luca Madonia
V. De Scalzi,V. De Scalzi
D. Verde,D. Verde
C. Dello Iacovo,C. Dello Iacovo
G. Di Michele,G. Di Michele
R. Casale,R. Casale
F. Mussida,F. Mussida
Nisa,Nisa
I. Graziani,I. Graziani
M. Violante,M. Violante
J. Maiello Ferry,J. Maiello Ferry
S. Martelli,S. Martelli
M. Tirelli,M. Tirelli
F. Sacco,F. Sacco
Lazzari,Lazzari
F. Ferraguzzo,F. Ferraguzzo
M. Buzzanca,M. Buzzanca
Pacifico,Pacifico
M. Casini,M. Casini
A. Lo Vecchio,A. Lo Vecchio
C. Canzian,C. Canzian
M. Zenima Granieri,M. Zenima Granieri
V. D'Agostino,V. D'Agostino
D. De Marinis,D. De Marinis
A. Rosario,A. Rosario
A. Locatelli,A. Locatelli
M. Pedretti,M. Pedretti
G. Lorefice,G. Lorefice
A. Carozza,A. Carozza
R. Fogli,R. Fogli
G. Bersola,G. Bersola
R. Sanna,R. Sanna
G. Panceri,G. Panceri
R. Brioschi,R. Brioschi
M. Grilli,M. Grilli
T. Cutugno,T. Cutugno
D. Marchetti,D. Marchetti
R. Righini,R. Righini
Stash,Stash
D. Pace,D. Pace
G. Colonnelli,G. Colonnelli
M. Biondo,M. Biondo
L. Dalla,L. Dalla
G. Savio,G. Savio
F. Sartori,F. Sartori
N. Malanima,N. Malanima
M. Zangirolami,M. Zangirolami
E. Malepasso,E. Malepasso
D. Mariano,D. Mariano
M. Falagiani,M. Falagiani
V. Mascheroni,V. Mascheroni
S. Molinari,S. Molinari
A. Scarrone,A. Scarrone
G. Boursier,G. Boursier
P. Mango,P. Mango
W. Molco,W. Molco
V. Nacci,V. Nacci
N. Rastelli,N. Rastelli
A. De Simone,A. De Simone
O. Giammarinaro,O. Giammarinaro
L. Beretta,L. Beretta
P. Mangini,P. Mangini
A. Mingardi,A. Mingardi
Noemi,Noemi
L. Zecchino,L. Zecchino
M. Armani,M. Armani
F. Bongusto,F. Bongusto
S. Tamaro,S. Tamaro
P. E. Bassi,P. E. Bassi
P. Miano,P. Miano
A. De Curtis,A. De Curtis
E. Palmosi,E. Palmosi